Name,Image,Light,Water,Pet-Safe,Tag Text,Tags
Anthurium,https://bloomscape.com/wp-content/uploads/2020/08/bloomscape_detail-red-anthurium_600x600.jpg?ver=282351,"Light:
Your Anthurium prefers bright indirect light. Direct sun may burn the leaves. The more light the plant receives, the more blooms your plant will produce. ","Water:
Water your Anthurium when 50-75% of the soil volume is dry. Water until liquid flows through the drainage hole at the bottom of the pot and discard any water that has accumulated in the saucer. Overwatering causes yellow leaf tips and underwatering causes brown leaf tips.","Pet-Safe:
This plant is considered toxic to pets and humans if ingested.","Sunlight: â˜€ï¸â˜€ï¸
Water: ğŸŒ¢ğŸŒ¢
Difficulty: â˜…â˜…
Pet-Safe: âœ˜",
Arrowhead Plant,https://bloomscape.com/wp-content/uploads/2020/08/bloomscape_arrowhead-plant_detail_600x600.jpg?ver=282337,"Light:
Your Arrowhead Plant prefers bright indirect light but can adapt to low light. Direct sun may burn the leaves.","Water:
Water when 50%-75% of the soil volume is dry. Water until liquid flows through the drainage hole at the bottom of the pot and discard any water that has accumulated in the saucer.","Pet-Safe:
Your Arrowhead Plant is considered toxic to humans and pets if ingested.","Sunlight: â˜€ï¸â˜€ï¸
Water: ğŸŒ¢ğŸŒ¢
Difficulty: â˜…
Pet-Safe: âœ˜",
Asparagus Fern,https://bloomscape.com/wp-content/uploads/2021/11/asparagus-fern_detail_600x600.jpg?ver=617617,"Light:
This plant grows best in bright indirect light and dappled shade, so be sure to keep it out of direct sunlight.","Water:
Water when 25% of the soil volume is dry, allowing the water to run out of the drainage hole fully to avoid root rot. If the plant is turning brown or drooping, this is a sign it is not getting enough water.","Pet-Safe:
This plant and its berries are toxic to both humans and pets.","Sunlight: â˜€ï¸â˜€ï¸â˜€ï¸
Water: ğŸŒ¢ğŸŒ¢ğŸŒ¢
Difficulty: â˜…
Pet-Safe: âœ˜",
Bird of Paradise,https://bloomscape.com/wp-content/uploads/2020/08/bloomscape_bird-of-paradise_detail_600x600.jpg?ver=282338,"Light:
The Bird of Paradise can handle direct and bright indirect light. However, it will flourish most in a sunny spot in direct sun. If you donâ€™t think you have a spot with enough light, try using a grow light.","Water:
Water your Bird of Paradise when the soil volume is 50% dry. Water until liquid flows through the drainage hole at the bottom of the pot and discard any water that has accumulated in the saucer.","Pet-Safe:
Bird of Paradise is considered toxic to humans and pets if ingested.","Sunlight: â˜€ï¸â˜€ï¸â˜€ï¸
Water: ğŸŒ¢ğŸŒ¢
Difficulty: â˜…â˜…
Pet-Safe: âœ˜",
Bromeliad,https://bloomscape.com/wp-content/uploads/2020/08/bloomscape_bromeliad-aechmea-pink_detail.jpg?ver=279186,"Light:
Your Bromeliad prefers indirect bright light like from a sunny eastern window. Too little light and the plant will not produce new pups and flowers, but too much light will burn the leaves.","Water:
Bromeliads are unique in that you water the center of the plant instead of the soil. Keep the center of the plant filled with water at all times â€“ up to halfway. Every few weeks, empty any water, rinse and fill with fresh water. This helps prevent salt and mineral buildup. Only water the soil when it is 100% dry. When watering the soil, water until liquid flows through the drainage hole at the bottom of the pot and discard any water that has accumulated in the saucer.","Pet-Safe:
Your Bromeliad is non-toxic and pet friendly. The leaves can cause contact dermatitis in some individuals, so consider wearing gloves when handling the plant.","Sunlight: â˜€ï¸â˜€ï¸â˜€ï¸
Water: ğŸŒ¢ğŸŒ¢ğŸŒ¢
Difficulty: â˜…â˜…â˜…
Pet-Safe: âœ”",
Cactus,https://bloomscape.com/wp-content/uploads/2020/08/bloomscape_prickly-pear-cactus_detail_600x600.jpg?ver=282372,"Light:
Your Cactus needs bright direct light. This means a spot that gets 6 or more hours of direct sun per day, like an unobstructed southern or western window.","Water:
Water your cactus when the soil volume is 100% dry. Water thoroughly until it flows out of the drainage hole. Discard excess water to discourage root rot.","Pet-Safe:
This is considered pet friendly, but watch out for spikes!","Sunlight: â˜€ï¸â˜€ï¸â˜€ï¸
Water: ğŸŒ¢
Difficulty: â˜…
Pet-Safe: âœ”",
Caladium,https://bloomscape.com/wp-content/uploads/2021/08/caladium_detail_600x600.jpg?ver=591274,"Light:
Your caladium will thrive best in bright to medium-bright indirect light. It can tolerate direct morning sun like in an eastern or northern window. Avoid areas in which it will be exposed to harsh afternoon sun.","Water:
Water your caladium when the top 25% of soil is dry. Water thoroughly, and be sure to empty the saucer of any excess water to prevent root rot. When the plant goes dormant in the winter, water very sparingly to allow the plant to rest. Begin watering again in the spring to â€œwakeâ€ the plant out of dormancy.","Pet-Safe:
Your caladium is considered to be toxic to pets and humans if ingested. Can cause mouth and stomach irritation.","Sunlight: â˜€ï¸â˜€ï¸â˜€ï¸
Water: ğŸŒ¢ğŸŒ¢ğŸŒ¢
Difficulty: â˜…â˜…â˜…
Pet-Safe: âœ˜",
Calathea,https://bloomscape.com/wp-content/uploads/2020/08/bloomscape_calathea-medallion_detail_600x600.jpg?ver=282340,"Light:
Your Calathea prefers medium to bright indirect lightâ€”so placing it in front of an east, west, or north window is ideal. Direct sun burns the leaves and causes the beautiful leaf colors to fade.","Water:
Water your Calathea when the top 25% of soil is dry. Water until liquid flows through the drainage hole at the bottom of the pot and discard any water that has accumulated in the saucer.","Pet-Safe:
Your Calathea is non-toxic to cats, dogs, and humans.","Sunlight: â˜€ï¸â˜€ï¸
Water: ğŸŒ¢ğŸŒ¢ğŸŒ¢
Difficulty: â˜…â˜…â˜…
Pet-Safe: âœ”",
Calla Lily,https://bloomscape.com/wp-content/uploads/2023/03/BLOOMSCAPE_MARCH_0063-scaled-e1677867960311.jpg?ver=1014083,"Light:
Your Calla Lily prefers bright indirect light. Avoid prolonged exposure to direct sunlight, which can burn the leaves. If you arenâ€™t sure you have enough light indoors, try using a grow light.","Water:
Water when 50% of the soil volume is dry. Water until liquid flows through the drainage hole at the bottom of the pot and discard any water that has accumulated in the saucer.","Pet-Safe:
This plant is considered toxic to pets and humans if ingested.","Sunlight: â˜€ï¸â˜€ï¸â˜€ï¸
Water: ğŸŒ¢ğŸŒ¢
Difficulty: â˜…â˜…
Pet-Safe: âœ˜",
Carnivorous Venus Fly Trap,https://bloomscape.com/wp-content/uploads/2020/08/bloomscape_collections_carnivorous_venus-fly-trap_detail_600x600.jpg?ver=282342,"Light:
Your Venus Fly Trap prefers direct or very bright indirect light. It will not tolerate low light.","Water:
Water when 25% of the soil volume is dry. Water slowly, allowing it to soak into the soil until it drips out of the drainage hole. Discard any excess water that accumulates in the saucer.","Pet-Safe:
This plant is considered non-toxic and pet-friendly.","Sunlight: â˜€ï¸â˜€ï¸â˜€ï¸
Water: ğŸŒ¢ğŸŒ¢ğŸŒ¢
Difficulty: â˜…
Pet-Safe: âœ”",
Cast Iron Plant,https://bloomscape.com/wp-content/uploads/2021/09/iStock-1253049188-scaled.jpg?ver=586623,"Light:
Your cast iron plant can grow in low and artificial light, but will perform best in bright to medium-bright indirect light. It can tolerate a few hours of direct morning sun, but avoid areas in which it will be exposed to harsh afternoon sun.","Water:
Water your cast iron plant when the top 50-75% of soil is dry. Water thoroughly, and be sure to empty the saucer of any excess water to prevent root rot.","Pet-Safe:
Cast iron plants are not toxic to humans and pets.","Sunlight: â˜€ï¸
Water: ğŸŒ¢ğŸŒ¢
Difficulty: â˜…
Pet-Safe: âœ”",
Coffee Plant,https://bloomscape.com/wp-content/uploads/2021/11/Plant-Care-Details-600x600-1.jpg?ver=618918,"Light:
Your Coffee Plant prefers bright indirect sunlight, having developed in the lower levels of Ethiopian forests. Too much direct sunlight can brown the leaves.","Water:
Your Coffee Plant enjoys frequent waterings. Water when 25% of the soil volume is dry. Water until liquid flows through the drainage hole at the bottom of the pot and discard any water that has accumulated in the saucer.","Pet-Safe:
Coffee Plant leaves are toxic to both pets and humans.","Sunlight: â˜€ï¸â˜€ï¸â˜€ï¸
Water: ğŸŒ¢ğŸŒ¢ğŸŒ¢
Difficulty: â˜…â˜…
Pet-Safe: âœ˜",
Conifer,https://bloomscape.com/wp-content/uploads/2021/10/bloomscape_lemon-cypress_small_detail.jpg?ver=610374,"Light:
Your Conifer prefers bright indirect light to direct sunlight. It will not do well in medium or low light environments.","Water:
Water your Conifer when 50% of the soil volume is dry. Water until liquid flows through the drainage hole at the bottom of the pot and discard any water that has accumulated in the saucer.","Pet-Safe:
This plant is considered to be toxic to pets and humans if ingested.","Sunlight: â˜€ï¸â˜€ï¸â˜€ï¸
Water: ğŸŒ¢ğŸŒ¢
Difficulty: â˜…â˜…
Pet-Safe: âœ˜",
Croton,https://bloomscape.com/wp-content/uploads/2020/08/bloomscape_product_croton-petra_detail_600x600.jpg?ver=282377,"Light:
Your Croton will do best in a bright spot, as it needs lots of light (if possible 4-6 hrs. Per day) to produce all those colorful leaves! If your croton does not get enough light, you might find the plant grows tall and lanky with spare leaves lacking the rich, dark hues.","Water:
Water when the top 25%-50% of the soil is dry. Water until liquid flows through the drainage hole at the bottom of the pot and discard any water that has accumulated in the saucer.","Pet-Safe:
Your Croton is moderately toxic to pets and humans. Typically, ingestion will cause mouth and stomach irritation and possible vomiting.","Sunlight: â˜€ï¸â˜€ï¸â˜€ï¸
Water: ğŸŒ¢ğŸŒ¢ğŸŒ¢
Difficulty: â˜…â˜…
Pet-Safe: âœ˜",
Dieffenbachia,https://bloomscape.com/wp-content/uploads/2022/02/bloomscape_dieffenbachia_10in_clay-scaled.jpg?ver=675709,"Light:
Your Dieffenbachia will do best in bright, indirect light. It can also tolerate lower light environments, though growth will slow. Avoid direct sunlight which can burn the leaves.","Water:
Water your Dieffenbachia when the soil volume is 50-75% dry. Water thoroughly until it drips out the bottom of the pot, and remove excess water that accumulates in the saucer.","Pet-Safe:
Dieffenbachia are considered to be toxic to pets and humans if ingested.","Sunlight: â˜€ï¸â˜€ï¸
Water: ğŸŒ¢ğŸŒ¢
Difficulty: â˜…
Pet-Safe: âœ˜",
Dracaena,https://bloomscape.com/wp-content/uploads/2020/08/bloomscape_dracaena-open-weave_detail_600x600.jpg?ver=282352,"Light:
Your Dracaena prefers bright indirect light but can survive in low light. Leaves with less variegation, slow growth, and small new leaves indicate it is not getting enough light.","Water:
Overwatering causes root rot and is the main reason a dracaena plant dies. Water your plant thoroughly and allow the top 75% of the soil to dry before watering again. In low light, allow the soil to dry completely before watering. Water your plant less in the winter, when light levels are lower and growth has slowed.","Pet-Safe:
Dracaena leaves are toxic to pets and humans. Typically, ingestion will cause mouth and stomach irritation with possible vomiting.","Sunlight: â˜€ï¸â˜€ï¸
Water: ğŸŒ¢
Difficulty: â˜…â˜…â˜…
Pet-Safe: âœ˜",
Easter Lily,https://bloomscape.com/wp-content/uploads/2022/03/iStock-160320204-scaled.jpg?ver=681573,"Light:
Easter lilies love to be placed in indirect, bright sunlight. Too much light will burn the foliage, but too little light will cause the slow decline of the plant. Eastern light or a few feet back from a southern window is ideal.","Water:
Easter lilies prefer to stay somewhat moist. Water when 50% of the soil volume is dry. Water thoroughly and discard excess water to avoid root rot. ","Pet-Safe:
Easter lilies are toxic to humans and pets if ingested. All parts of the Easter lily, including the pollen, are extremely toxic to cats.","Sunlight: â˜€ï¸â˜€ï¸â˜€ï¸
Water: ğŸŒ¢ğŸŒ¢
Difficulty: â˜…â˜…
Pet-Safe: âœ˜",
Euonymus,https://bloomscape.com/wp-content/uploads/2022/02/iStock-1333884739.jpg?ver=666983,"Light:
Your euonymus will love bright, indirect sunlight. Avoid placing it in direct sunlight as this may cause the leaves to burn and turn white. Eastern exposure or a few feet back from a southern or western window is ideal.","Water:
Water when 50% of the soil volume is dry. Water thoroughly until you see it flow out of the drainage hole. Discard any excess water to avoid root rot. Your euonymus needs less water during the winter dormant season.","Pet-Safe:
The euonymus plant is toxic to humans and pets if ingested.","Sunlight: â˜€ï¸â˜€ï¸â˜€ï¸
Water: ğŸŒ¢ğŸŒ¢
Difficulty: â˜…
Pet-Safe: âœ˜",
Euphorbia,https://bloomscape.com/wp-content/uploads/2021/12/Bloomscape_CactiEuphorbiaTrigona_xs_alabaster_Detail-scaled.jpg?ver=639585,"Light:
Your euphorbia needs bright direct light. This means a spot that gets 6 plus hours of direct sun per day.","Water:
Water your euphorbia when the soil volume is 100% dry. Water thoroughly until it flows out of the drainage hole. Discard excess water to discourage root rot.","Pet-Safe:
The euphorbias are toxic to humans and pets.","Sunlight: â˜€ï¸â˜€ï¸â˜€ï¸
Water: ğŸŒ¢
Difficulty: â˜…
Pet-Safe: âœ˜",
Fern,https://bloomscape.com/wp-content/uploads/2020/08/bloomscape_kimberly-queen-fern_detail_600x600.jpg?ver=282359,"Light:
Your fern will do best in medium to low light. The more light it receives, the more the leaves will crinkle and the less light, the flatter the leaves will be. Keep in mind, too much light or extended periods of direct sunlight will cause the fronds on the fern to get a pale bleached color.","Water:
Water when the top 25% of the soil is dry. When watering, water only the soil â€“ not the leaves. Water accumulating in the crown of your plant could lead to bacterial growth and potential leaf rot. Water until liquid flows through the drainage hole at the bottom of the pot and discard any water that has accumulated in the saucer.","Pet-Safe:
Ferns are non-poisonous plants and safe for humans, dogs and cats.","Sunlight: â˜€ï¸â˜€ï¸
Water: ğŸŒ¢ğŸŒ¢ğŸŒ¢
Difficulty: â˜…
Pet-Safe: âœ”",
Ficus,https://bloomscape.com/wp-content/uploads/2020/08/bloomscape_variegated-ficus_detail_600x600.jpg?ver=282399,"Light:
Place your Ficus in bright indirect or filtered light. Avoid bright direct light as it will burn the leaves and cause them to drop.","Water:
Water with room-temperature water once the soil dries 50-75% down. Water thoroughly until water flows into the saucer, then pour out any excess.","Pet-Safe:
Ficus leaves are mildly toxic to pets and humans. Typically, ingestion will cause mouth and stomach irritation with possible vomiting.","Sunlight: â˜€ï¸â˜€ï¸â˜€ï¸
Water: ğŸŒ¢ğŸŒ¢
Difficulty: â˜…â˜…
Pet-Safe: âœ˜",
Fiddle Leaf Fig,https://bloomscape.com/wp-content/uploads/2020/08/bloomscape_fiddle-leaf-fig_detail_600x600.jpg?ver=282356,"Light:
Keep your fiddle leaf fig in bright indirect light. This plant will not tolerate low light and its leaves will eventually yellow and drop. Close to an eastern window or acclimated to the direct light from a southern window is ideal.","Water:
Water when 50-75% of the soil volume is dry. Always water thoroughly until it flows out of the drainage hole to encourage a healthy root system. Discard any excess water in the saucer.","Pet-Safe:
Fiddle leaf figs are toxic to humans and pets if ingested.","Sunlight: â˜€ï¸â˜€ï¸â˜€ï¸
Water: ğŸŒ¢ğŸŒ¢
Difficulty: â˜…â˜…
Pet-Safe: âœ˜",
Fittonia,https://bloomscape.com/wp-content/uploads/2020/08/bloomscape_collections_spring-fling_detail-fittonia-white_600x600.jpg?ver=282344,"Light:
Your Fittonia prefers bright, indirect light. Lower light can cause it to lose some of its vibrant color and growth will slow. Too much light can burn the leaves.","Water:
Your Fittonia loves water and to be consistently moist, but not soggy. Water thoroughly when the top 50% of soil is dry. If you let your Fittonia dry out too much, it will let you know with limp leaves. Not to worry! After a thorough watering, the leaves should soon perk up.","Pet-Safe:
Fittonia are non-toxic and pet-friendly.","Sunlight: â˜€ï¸â˜€ï¸â˜€ï¸
Water: ğŸŒ¢ğŸŒ¢ğŸŒ¢
Difficulty: â˜…
Pet-Safe: âœ”",
Gardenia,https://bloomscape.com/wp-content/uploads/2022/03/bloomscape_gardenia_medium_clay.jpg?ver=697097,"Light:
Your Gardenia prefers partial shade, with 4-6 hours of direct sun per day. The soft morning sun is best, so an east-facing exposure is best. Avoid exposure to the harsh afternoon sunlight, which can scorch the delicate blooms. Your Gardenia can also thrive in areas with light shade throughout the day.","Water:
Water your Gardenia with 50% of the soil volume is dry. Water slowly, allowing it to absorb into the soil until it begins to drip out of the drainage hole. Do not use a saucer outdoors or allow the pot to sit in standing water.","Pet-Safe:
The Gardenia is considered mildly toxic to pets and humans if ingested.","Sunlight: â˜€ï¸â˜€ï¸â˜€ï¸
Water: ğŸŒ¢ğŸŒ¢
Difficulty: â˜…â˜…
Pet-Safe: âœ˜",
Geo Plant,https://bloomscape.com/wp-content/uploads/2022/09/bloomscape_geo-plant_md_plant-stool.jpg?ver=939563,"Light:
Your Geo Plant prefers bright indirect light. Avoid extended exposure to direct sunlight which may cause its leaves to scorch.","Water:
Water when 25-50% of the soil volume is dry. Water slowly, allowing it to soak into the soil until it drips out of the drainage hole. Discard any excess water that accumulates in the saucer.","Pet-Safe:
This plant is considered non-toxic and pet-friendly.","Sunlight: â˜€ï¸â˜€ï¸â˜€ï¸
Water: ğŸŒ¢ğŸŒ¢ğŸŒ¢
Difficulty: â˜…â˜…
Pet-Safe: âœ”",
Homalomena,https://bloomscape.com/wp-content/uploads/2020/08/bloomscape_product_homalomena-emerald-green_detail_600x600.jpg?ver=282379,"Light:
Your Homalomena likes bright indirect light. They can tolerate lower light, but growth may slow significantly. If kept in direct sunlight, the foliage may burn.","Water:
Allow the top 50% of the soil of your Homalomena to dry out between watering. They do not like soggy soil, but also do not like to dry out for extended periods of time.","Pet-Safe:
Your Homalomena is toxic to animals and humans if ingested.","Sunlight: â˜€ï¸â˜€ï¸â˜€ï¸
Water: ğŸŒ¢ğŸŒ¢
Difficulty: â˜…
Pet-Safe: âœ˜",
Ivy,https://bloomscape.com/wp-content/uploads/2021/12/Bloomscape_IvyGlacier_small_Detail-scaled.jpg?ver=639542,"Light:
Ivy plants prefer bright indirect light but no direct sun as the foliage will burn. In less light, the ivy will become leggy and sparse.","Water:
Let the top 25-50% of the soil dry out before watering. Allow the water to flow freely from the drainage holes on the bottom of the pot. Always empty the saucer of any water.  Ivy does not like its roots constantly wet. Crispy brown leaves indicate over-watering, not under-watering.","Pet-Safe:
Ivy is mildly toxic to humans and pets. Typically, ingestion will cause mouth and stomach irritation and possible vomiting.","Sunlight: â˜€ï¸â˜€ï¸â˜€ï¸
Water: ğŸŒ¢ğŸŒ¢
Difficulty: â˜…â˜…
Pet-Safe: âœ˜",
Jade Plant,https://bloomscape.com/wp-content/uploads/2021/06/Jade-_Bloomscape.jpg?ver=557563,"Light:
Give your Jade plant indirect to bright light. Too little light can cause overwatering and slow growth.","Water:
Your Jade Plant does not need to be watered as frequently as most indoor plants. Water only when the soil is completely dry. Water thoroughly until you see water flow out of the drainage hole. Make sure there is no standing water left in the saucer, as this can lead to root rot.","Pet-Safe:
Your Jade Plant is considered to be toxic.","Sunlight: â˜€ï¸â˜€ï¸â˜€ï¸
Water: ğŸŒ¢
Difficulty: â˜…
Pet-Safe: âœ˜",
Kalanchoe,https://bloomscape.com/wp-content/uploads/2020/10/bloomscape_holiday-succulent_collection_kalanchoe-flapjack.jpg?ver=321426,"Light:
Place your Kalanchoe in bright light or full sun. It will not thrive if it does not receive enough sunlight.","Water:
Your Kalanchoe does not need to be watered as frequently as most indoor plants. Water only when the soil is completely dry, or when you notice the leaves starting to shrivel. Water thoroughly so the roots have a chance to soak up the moisture. Make sure there is no standing water left in the saucer, as this can lead to root rot.","Pet-Safe:
Your Kalanchoe is considered to be toxic to pets.","Sunlight: â˜€ï¸â˜€ï¸â˜€ï¸
Water: ğŸŒ¢
Difficulty: â˜…
Pet-Safe: âœ˜",
Lithops,https://bloomscape.com/wp-content/uploads/2022/02/bloomscape_lithop_detail.jpg?ver=671496,"Light:
Lithops need a lot of sunlight to thrive. They need 6 hours or more of direct sunlight every day. Place the living stones in a south-facing window and they will be happy.","Water:
Let 100% of the soil volume dry before watering during the spring and summer. These plants thrive in a dry environment. In the fall and winter, these plants typically go dormant and need little to no water. Water only if the lithops have begun to shrivel up.","Pet-Safe:
Living stones are non-toxic and safe to have around children and pets.","Sunlight: â˜€ï¸â˜€ï¸â˜€ï¸
Water: ğŸŒ¢
Difficulty: â˜…
Pet-Safe: âœ”",
Money Tree,https://bloomscape.com/wp-content/uploads/2020/08/bloomscape_money-tree_alt_detail_600x600.jpg?ver=282362,"Light:
Your Money Tree prefers indirect bright light, and can adjust to lower light. Too much direct light will scorch the leaves, but too little light will cause slow growth and yellow leaves. Rotate your plant monthly to keep growth even. If you are worried you donâ€™t have a spot with enough light, try a grow light.","Water:
Water your Money Tree when the soil volume is 50-75% dry. Always check the soil moisture before watering. Water thoroughly until you see water flow out of the drainage hole and discard any excess water in the saucer.","Pet-Safe:
Money Trees are considered non-toxic and pet friendly.","Sunlight: â˜€ï¸â˜€ï¸
Water: ğŸŒ¢ğŸŒ¢
Difficulty: â˜…â˜…
Pet-Safe: âœ”",
Monstera,https://bloomscape.com/wp-content/uploads/2020/08/bloomscape_monstera_detail_600x600.jpg?ver=282363,"Light:
Your Monstera can grow just about anywhere in your home! It tolerates low light, but grows faster and becomes more dramatic in a spot with indirect bright light. That said, avoid strong, direct sunlight because it may burn the leaves. If you donâ€™t have a location with ideal lighting for your Monstera, use a Grow Light.","Water:
Water your Monstera when the top 50â€“75% of the soil is dry. Water until liquid flows through the drainage hole at the bottom of the pot and discard any water that has accumulated in the saucer.","Pet-Safe:
Monstera leaves are mildly toxic to pets and humans. Typically, ingestion will cause mouth and stomach irritation and possible vomiting.","Sunlight: â˜€ï¸â˜€ï¸
Water: ğŸŒ¢ğŸŒ¢
Difficulty: â˜…
Pet-Safe: âœ˜",
Olive Tree,https://bloomscape.com/wp-content/uploads/2023/05/230516_bloomscape_olive_trees_10841-e1684438662493.jpg?ver=1037762,"Light:
Your olive tree prefers direct sunlight. Place your plant in a full sun location that receives 6+ hours of direct sunlight per day.","Water:
Water when 25% of the soil volume is dry. Water until liquid flows through the drainage hole at the bottom of the pot. Do not use a saucer outdoors or allow the plant to sit in standing water. ","Pet-Safe:
Your olive tree is considered nontoxic and pet-friendly.","Sunlight: â˜€ï¸â˜€ï¸â˜€ï¸
Water: ğŸŒ¢ğŸŒ¢ğŸŒ¢
Difficulty: â˜…â˜…
Pet-Safe: âœ”",
Orchid,https://bloomscape.com/wp-content/uploads/2020/04/bloomscape_orchid_new-arrivals-324x324-1.jpg?ver=178027,"Light:
Your orchid prefers bright indirect light, such as the light from an east-facing window. Donâ€™t let your plant sit in direct sun, as the foliage and delicate flowers may scorch. If your orchid does not get enough light, it will likely not rebloom.","Water:
Water when 75% of the potting media volume is dry. Water thoroughly until it flows from the drainage hole. Discard any excess water to discourage root rot.","Pet-Safe:
Phalaenopsis orchids are non-toxic to pets and humans if ingested.","Sunlight: â˜€ï¸â˜€ï¸â˜€ï¸
Water: ğŸŒ¢ğŸŒ¢
Difficulty: â˜…â˜…â˜…
Pet-Safe: âœ”",
Palm,https://bloomscape.com/wp-content/uploads/2020/08/bloomscape_parlor-palmloomscape_detail_600x600.jpg?ver=282365,"Light:
Your Palm prefers bright indirect light but can adapt to medium to low light areas.","Water:
Water your Palm when the top 50% of the soil is dry. Water until liquid flows through the drainage hole at the bottom of the pot and discard any water that has accumulated in the saucer.","Pet-Safe:
Completely non-toxic to humans and pets.","Sunlight: â˜€ï¸â˜€ï¸
Water: ğŸŒ¢ğŸŒ¢
Difficulty: â˜…
Pet-Safe: âœ”",
Peace Lily,https://bloomscape.com/wp-content/uploads/2022/02/bloomscape_peace-lily_10in_care-detail-scaled.jpg?ver=675647,"Light:
Your peace lily will do best in bright indirect light and can adapt to lower light. Too much bright light will burn the foliage. Too little light and the plant will not produce flowers and foliage growth will slow.","Water:
Water when 50% of the soil volume is dry. If the plant gets too dry it will dramatically wilt, but a good watering should perk it back up. Water thoroughly until you see it flow out of the drainage and discard excess water in the saucer.","Pet-Safe:
Peace Lily is considered to be toxic to animals and humans if ingested.","Sunlight: â˜€ï¸â˜€ï¸
Water: ğŸŒ¢ğŸŒ¢
Difficulty: â˜…
Pet-Safe: âœ˜",
Philodendron Heartleaf,https://bloomscape.com/wp-content/uploads/2020/08/bloomscape_philodendron-brasil_alt_detail.jpg?ver=279274,"Light:
The Philodendron Heartleaf can cope with low light conditions, but grows faster and produces more leaves bright indirect light. Do not put it in direct sunlightâ€“the sun will burn the foliage.","Water:
Water your Philodendron when the top 50%-75% of the soil is dry. Water until liquid flows through the drainage hole at the bottom of the pot and discard any water that has accumulated in the saucer.","Pet-Safe:
Philodendron leaves are toxic to pets and humans. Typically, ingestion will result in swelling of the lips and tongue, and stomach irritation with possible vomiting.","Sunlight: â˜€ï¸â˜€ï¸
Water: ğŸŒ¢ğŸŒ¢
Difficulty: â˜…
Pet-Safe: âœ˜",
Pilea,https://bloomscape.com/wp-content/uploads/2020/08/bloomscape-plant-care-guide_pilea_600x600.jpg?ver=282405,"Light:
Your Pilea prefers bright, indirect light. Direct sun may burn the leaves. In order to prevent your Pilea from growing lopsided, rotate it at least 2-3 times a week since it grows towards the sun. This plant can adapt to lower light areas, but the leaves will turn a darker green and the plant will spread out more.","Water:
Water your Pilea when the top 75% of the soil is dry. Water until liquid flows through the drainage hole at the bottom of the pot and discard any water that has accumulated in the saucer.","Pet-Safe:
Pilea are generally non-toxic for humans and pets. However, when ingested in very large quantities, they can cause a mild digestive reaction.","Sunlight: â˜€ï¸â˜€ï¸â˜€ï¸
Water: ğŸŒ¢ğŸŒ¢
Difficulty: â˜…
Pet-Safe: âœ”",
Poinsettia,https://bloomscape.com/wp-content/uploads/2021/08/Poinsettia_detail_600x600.jpg?ver=591312,"Light:
Poinsettias love bright but indirect sunlight. An eastern window is ideal, or a few feet back from a southern or western window. Watch out for pale bleached leaves as this is a sign your plant is getting too much direct sun.","Water:
You should water your poinsettia when the top 50% of soil is dry. Water slowly until you see water begin to trickle out of the potâ€™s drainage hole, and make sure you let excess water fully drain out. Discard any excess water after a few minutes.","Pet-Safe:
Toxic only if ingested in very high amounts to pets and humans. The sap can be irritating to the mouth and stomach if ingested, sometimes causing vomiting. The sap may also cause a very mild allergic skin reaction in some people.","Sunlight: â˜€ï¸â˜€ï¸â˜€ï¸
Water: ğŸŒ¢ğŸŒ¢
Difficulty: â˜…â˜…
Pet-Safe: âœ”",
Pothos,https://bloomscape.com/wp-content/uploads/2020/08/bloomscape_silver-satin-pothos_alt-1_detail_600x600.jpg?ver=282390,"Light:
Your Pothos prefers indirect bright light. It can tolerate lower light, but growth will slow and the colors may fade. Direct light can scorch the leaves.","Water:
Water when 50-75% of the soil volume is dry. Water until liquid flows through the drainage hole at the bottom of the pot and discard any water that has accumulated in the saucer.","Pet-Safe:
Your Pothos is considered toxic to humans and pets if ingested.","Sunlight: â˜€ï¸â˜€ï¸
Water: ğŸŒ¢ğŸŒ¢
Difficulty: â˜…
Pet-Safe: âœ˜",
Prayer Plant,https://bloomscape.com/wp-content/uploads/2020/08/bloomscape_red-prayer-plant_alt_detail_600x600.jpg?ver=282387,"Light:
Your Prayer Plant prefers bright, indirect light. Direct sun can cause the leaves to fade and scorch.","Water:
Water when the soil volume is 25% dry. Water until liquid flows through the drainage hole and discard any that accumulates in the saucer.","Pet-Safe:
This plant is considered non-toxic and pet-friendly.","Sunlight: â˜€ï¸â˜€ï¸â˜€ï¸
Water: ğŸŒ¢ğŸŒ¢ğŸŒ¢
Difficulty: â˜…
Pet-Safe: âœ”",
Sansevieria,https://bloomscape.com/wp-content/uploads/2020/08/bloomscape_sansevieria_detail_600x600.jpg?ver=282388,"Light:
Your Snake Plant can tolerate any light level. The brighter the light, the faster it will grow. Always acclimate the plant over a few weeks if moving from indirect to direct light to avoid scorching the foliage.","Water:
Water only when the soil volume is 100% dry. Itâ€™s better to err on the dry side. Water thoroughly to encourage a healthy root system and discard any excess water in the saucer.","Pet-Safe:
Snake Plants are toxic to humans and pets if ingested.","Sunlight: â˜€ï¸
Water: ğŸŒ¢
Difficulty: â˜…
Pet-Safe: âœ˜",
Schefflera,https://bloomscape.com/wp-content/uploads/2020/08/bloomscape_schefflera-arboricola_detail_600x600.jpg?ver=282389,"Light:
Your Schefflera prefers bright indirect light. It can also tolerate medium and low light, but growth will slow. Direct sun in the early morning and late afternoon is fine, but avoid exposure to the harsh midday sun which can scorch the leaves.","Water:
Water when 75% of the soil volume is dry. Water slowly, allowing it to soak into the soil, until it flows freely through the drainage hole. Discard any excess water that accumulates in the saucer.","Pet-Safe:
This plant is considered toxic to pets and humans if ingested.","Sunlight: â˜€ï¸â˜€ï¸
Water: ğŸŒ¢ğŸŒ¢
Difficulty: â˜…
Pet-Safe: âœ˜",
Spider Plant,https://bloomscape.com/wp-content/uploads/2020/08/bloomscape-spider-plant_detail-1-e1598641341111.jpg?ver=282449,"Light:
Your spider plant can be placed in low to indirect bright light. The more light the plant receives, the bolder the stripes will be. Watch out for too much direct light and it can scorch the leaves. If you donâ€™t have an ideal location for your Spider Plant, use a Grow Light.","Water:
Water your spider plant when 50-75% of the soil volume is dry. Dry crispy tips often point to underwatering while dark brown tips point to overwatering. Water thoroughly and discard of any excess water in the saucer.","Pet-Safe:
The Spider Plant is non-toxic and safe for humans, dogs, and cats.","Sunlight: â˜€ï¸
Water: ğŸŒ¢ğŸŒ¢
Difficulty: â˜…
Pet-Safe: âœ”",
Yucca Cane,https://bloomscape.com/wp-content/uploads/2021/03/bloomscape_yucca-cane_xl_detail.jpg?ver=437483,"Light:
Your Yucca prefers bright indirect light indirect to bright light. Too little light will cause growth to slow.","Water:
Water your Yucca when 75-100% of the soil volume is dry. Water until liquid flows through the drainage hole at the bottom of the pot and discard any water that has accumulated in the saucer.","Pet-Safe:
Yucca Plants are mildly toxic to pets and humans if ingested.","Sunlight: â˜€ï¸â˜€ï¸â˜€ï¸
Water: ğŸŒ¢
Difficulty: â˜…
Pet-Safe: âœ˜",
Zebra Plant,https://bloomscape.com/wp-content/uploads/2021/08/b37591da8a0df576fbd34882b1f21550ef329898-4335x5204-1.jpg?ver=563029,"Light:
Your zebra plant thrives in bright, indirect light. It can tolerate a couple of hours of direct morning sunlight, but avoid long periods of direct sun and especially direct afternoon sun, which can cause the leaves to scorch. Zebra plants are not adaptable to low light.","Water:
Water your zebra plant when the top 25% of soil is dry. Water thoroughly, and be sure to empty the saucer of any excess water to prevent root rot. Avoid watering directly on the leaves, as water can funnel down the stems and cause crown rot.","Pet-Safe:
Your zebra plant is considered to be non-toxic to pets and humans.","Sunlight: â˜€ï¸â˜€ï¸â˜€ï¸
Water: ğŸŒ¢ğŸŒ¢ğŸŒ¢
Difficulty: â˜…â˜…â˜…
Pet-Safe: âœ”",